"英文","中文意思","英文例句","例句中文"
"improve","改善；提高","We can improve our study habits.","我们可以改善学习习惯。"
"suggest","建议","I suggest a short walk after class.","我建议课后散步一会儿。"
"provide","提供","The library provides free books.","图书馆提供免费图书。"
"support","支持；帮助","Friends support each other.","朋友互相支持。"
"develop","发展；培养","Reading helps us develop ideas.","阅读帮助我们培养想法。"
"reduce","减少","We should reduce food waste.","我们应该减少食物浪费。"
"increase","增加","Exercise can increase energy.","运动可以增加精力。"
"include","包括","The plan includes three steps.","这个计划包括三个步骤。"
"require","需要；要求","The course requires daily practice.","这门课要求每天练习。"
"allow","允许","The school allows students to borrow bikes.","学校允许学生借自行车。"
"offer","提供","The club offers free lessons.","社团提供免费课程。"
"create","创造；建立","Small changes can create big results.","小改变能带来大结果。"
"consider","考虑","Please consider my idea.","请考虑我的想法。"
"decide","决定","She decided to join the club.","她决定加入社团。"
"choose","选择","Choose the answer with care.","认真选择答案。"
"compare","比较","Compare the two opinions.","比较这两种观点。"
"explain","解释","The teacher explains the rule.","老师解释这条规则。"
"describe","描述","Please describe the picture.","请描述这张图片。"
"mention","提到","The writer mentions a new problem.","作者提到一个新问题。"
"find","发现；找到","Find the key word in the question.","在问题中找到关键词。"
"result","结果","The result surprised everyone.","这个结果让大家惊讶。"
"reason","原因；理由","What is the reason for the change?","变化的原因是什么？"
"effect","影响；效果","Sleep has an effect on memory.","睡眠对记忆有影响。"
"cause","导致；原因","Stress can cause health problems.","压力可能导致健康问题。"
"problem","问题","We need to solve this problem.","我们需要解决这个问题。"
"solution","解决办法","This is a simple solution.","这是一个简单的解决办法。"
"change","改变","A small change can help.","一个小改变就有帮助。"
"choice","选择","It is a difficult choice.","这是一个艰难的选择。"
"chance","机会；可能性","This is a chance to learn.","这是一个学习的机会。"
"challenge","挑战","English is a challenge for me.","英语对我来说是个挑战。"
"important","重要的","Sleep is important for students.","睡眠对学生很重要。"
"necessary","必要的","Practice is necessary.","练习是必要的。"
"possible","可能的","Is another answer possible?","还有别的答案可能正确吗？"
"likely","可能的","It is likely to rain.","可能会下雨。"
"common","常见的；共同的","This is a common mistake.","这是一个常见错误。"
"different","不同的","People have different ideas.","人们有不同的想法。"
"similar","相似的","The two words have similar meanings.","这两个词意思相近。"
"available","可获得的；有空的","Free books are available online.","网上有免费的书。"
"public","公众的；公共的","The park is open to the public.","公园向公众开放。"
"private","私人的","Keep your password private.","不要泄露你的密码。"
"community","社区","Students help their community.","学生帮助社区。"
"society","社会","Education benefits society.","教育有益于社会。"
"culture","文化","Food is part of culture.","食物是文化的一部分。"
"traditional","传统的","This is a traditional festival.","这是一个传统节日。"
"local","当地的","We visited a local museum.","我们参观了当地的博物馆。"
"environment","环境","We should protect the environment.","我们应该保护环境。"
"resource","资源","Water is an important resource.","水是一种重要资源。"
"energy","能源；精力","Walking gives me more energy.","散步让我更有精力。"
"waste","浪费；废物","Do not waste clean water.","不要浪费干净的水。"
"protect","保护","Trees help protect the soil.","树木帮助保护土壤。"
"health","健康","Exercise is good for health.","运动有益健康。"
"healthy","健康的","A healthy meal can be simple.","健康的一餐可以很简单。"
"exercise","锻炼","I exercise three times a week.","我每周锻炼三次。"
"habit","习惯","Reading daily is a good habit.","每天阅读是个好习惯。"
"stress","压力","Music helps me reduce stress.","音乐帮助我减轻压力。"
"sleep","睡眠；睡觉","Good sleep helps us learn.","良好的睡眠帮助我们学习。"
"diet","饮食","A balanced diet matters.","均衡饮食很重要。"
"balance","平衡","Students need a balance between study and rest.","学生需要平衡学习和休息。"
"skill","技能","Listening is an important skill.","听力是一项重要技能。"
"knowledge","知识","Books give us knowledge.","书籍给我们知识。"
"experience","经验；经历","The job gave her experience.","这份工作给了她经验。"
"opportunity","机会","Volunteering is a learning opportunity.","志愿服务是学习机会。"
"education","教育","Education can change lives.","教育能够改变人生。"
"research","研究","Research shows that sleep helps memory.","研究表明睡眠有助于记忆。"
"study","学习；研究","I study English every day.","我每天学习英语。"
"learn","学习","We learn from mistakes.","我们从错误中学习。"
"practice","练习","Daily practice is useful.","每天练习很有用。"
"review","复习","Review new words tomorrow.","明天复习新单词。"
"remember","记住","I remember this word now.","我现在记住这个词了。"
"understand","理解","I understand the main idea.","我理解中心意思。"
"focus","专注；重点","Focus on the question first.","先关注问题。"
"attention","注意","Pay attention to the date.","注意日期。"
"information","信息","The notice gives useful information.","通知提供了有用信息。"
"detail","细节","The answer is in the last detail.","答案在最后一个细节中。"
"opinion","观点；意见","What is your opinion?","你的意见是什么？"
"idea","想法","She has a good idea.","她有个好想法。"
"example","例子","Give one clear example.","举一个清楚的例子。"
"evidence","证据","The article gives evidence.","文章给出了证据。"
"main","主要的","Find the main idea of the paragraph.","找出段落的中心意思。"
"purpose","目的","What is the purpose of the notice?","这则通知的目的是什么？"
"benefit","好处；受益","Students benefit from reading.","学生从阅读中受益。"
"advantage","优点","One advantage is low cost.","一个优点是成本低。"
"disadvantage","缺点","A disadvantage is the long wait.","一个缺点是等待时间长。"
"method","方法","This method is easy to use.","这个方法容易使用。"
"process","过程","Learning is a long process.","学习是一个长期过程。"
"activity","活动","The school has many activities.","学校有许多活动。"
"volunteer","志愿者；自愿做","I volunteer at the library.","我在图书馆做志愿者。"
"service","服务","The clinic provides a useful service.","诊所提供有用的服务。"
"campus","校园","Our campus has a new library.","我们校园有一座新图书馆。"
"library","图书馆","I study in the library.","我在图书馆学习。"
"course","课程","This course is for beginners.","这门课面向初学者。"
"online","在线的","The course is available online.","这门课可以在线学习。"
"technology","技术","Technology can support learning.","技术可以辅助学习。"
"digital","数字的","Digital books are easy to carry.","电子书便于携带。"
"communicate","交流","We communicate by email.","我们通过邮件交流。"
"relationship","关系","Trust helps a relationship.","信任有助于维系关系。"
"participate","参加","Many students participate in the event.","许多学生参加活动。"
"organize","组织","The club will organize a meeting.","社团将组织一次会议。"
"responsibility","责任","We have a responsibility to help.","我们有责任提供帮助。"
"future","未来","Think about your future.","想想你的未来。"
"goal","目标","My goal is to pass CET-4.","我的目标是通过英语四级。"
"achieve","实现","Small steps help us achieve a goal.","小步骤帮助我们实现目标。"
"success","成功","Practice brings success.","练习带来成功。"
"however","然而","The idea is good; however, it costs too much.","这个想法不错；然而，它太贵了。"
"therefore","因此","It rained; therefore, we stayed inside.","下雨了，因此我们待在室内。"
"although","虽然","Although it was hard, she tried.","虽然很难，她还是试了。"
"because","因为","I stayed home because I was tired.","因为累了，我待在家里。"
"instead","代替；反而","Walk instead of taking a taxi.","步行代替打车。"
"especially","尤其","I like reading, especially short stories.","我喜欢阅读，尤其是短篇故事。"
"finally","最后","Finally, check your answers.","最后，检查答案。"
"proposal","提议；建议","The student wrote a proposal for the library.","这名学生为图书馆写了一份建议。"
"necessity","必要性","We should discuss the necessity of this rule.","我们应该讨论这项规定的必要性。"
"practical","实际可行的","The plan is simple and practical.","这个计划简单而且可行。"
"practicality","可行性","Cost affects the practicality of the plan.","成本影响这个计划的可行性。"
"project","项目","Our group started a research project.","我们小组开始了一个研究项目。"
"robot","机器人","A robot can carry books in the library.","机器人可以在图书馆搬运书籍。"
"application","应用；申请","This application helps students find rooms.","这个应用帮助学生找教室。"
"automatic","自动的","The door has an automatic lock.","这扇门有自动锁。"
"efficient","高效的","A clear plan makes work more efficient.","清晰的计划让工作更高效。"
"convenient","方便的","Online booking is convenient for students.","网上预约对学生很方便。"
"replace","代替","Technology should not replace human care.","技术不应代替人的关怀。"
"repetitive","重复的","Robots can do repetitive tasks.","机器人可以做重复性工作。"
"innovation","创新","Innovation can make campus life easier.","创新可以让校园生活更便利。"
"ability","能力","Reading builds language ability.","阅读培养语言能力。"
"academic","学术的","The workshop teaches academic writing.","讲座教授学术写作。"
"compulsory","必修的；强制的","Some courses are compulsory.","有些课程是必修的。"
"communication","交流","Good communication helps a team.","良好的交流有助于团队合作。"
"cooperate","合作","Students cooperate on the project.","学生们在项目中合作。"
"teamwork","团队合作","Teamwork made the event successful.","团队合作使活动成功。"
"independent","独立的","Independent thinking is useful.","独立思考很有用。"
"flexible","灵活的","A flexible schedule helps busy students.","灵活的时间安排帮助忙碌的学生。"
"creative","有创造力的","The club needs creative ideas.","社团需要有创意的想法。"
"critical","批判性的；重要的","Critical thinking helps us check claims.","批判性思维帮助我们核查说法。"
"survey","调查","The school sent a survey to students.","学校向学生发出问卷调查。"
"response","回答；回应","Her response was clear and polite.","她的回应清楚而有礼貌。"
"submit","提交","Please submit your essay on Friday.","请在周五提交作文。"
"newspaper","报纸","The university newspaper invited articles.","校报征集文章。"
"edition","一期；版本","The next edition will discuss campus life.","下一期将讨论校园生活。"
"facility","设施","The sports facility opens at eight.","体育设施八点开放。"
"canteen","食堂","The canteen serves lunch at noon.","食堂中午供应午餐。"
"clinic","诊所","The campus clinic is near the library.","校园诊所在图书馆附近。"
"delivery","配送","Delivery services save students time.","配送服务节省学生时间。"
"industry","行业","The service industry employs many people.","服务业雇用许多人。"
"customer","顾客","The shop asks customers for feedback.","商店向顾客征求反馈。"
"sustainable","可持续的","A sustainable plan saves resources.","可持续计划节约资源。"
"recycle","回收利用","We recycle paper and bottles.","我们回收纸张和瓶子。"
"reusable","可重复使用的","Bring a reusable cup to class.","带一个可重复使用的杯子上课。"
"pollution","污染","Buses can reduce air pollution.","公交车可以减少空气污染。"
"carbon","碳","The campus wants to cut carbon emissions.","校园希望减少碳排放。"
"electric","电动的","She rides an electric bicycle.","她骑电动自行车。"
"transport","交通；运输","Public transport is cheaper.","公共交通更便宜。"
"access","使用机会；进入","All students need access to books.","所有学生都需要获得书籍的机会。"
"accessible","可进入的；易用的","The new website is accessible by phone.","新网站可以用手机访问。"
"barrier","障碍","Cost can be a barrier to learning.","费用可能是学习的障碍。"
"cost","花费；成本","The cost of the course is low.","这门课的费用很低。"
"expense","费用","Travel is our biggest expense.","旅行是我们最大的开支。"
"budget","预算","I have a small monthly budget.","我的月预算不多。"
"afford","负担得起","Many students cannot afford a new computer.","许多学生买不起新电脑。"
"affordable","负担得起的","The meal is healthy and affordable.","这顿饭健康且价格可承受。"
"economy","经济","Tourism supports the local economy.","旅游业支持当地经济。"
"economic","经济的","The city faces economic changes.","这座城市面临经济变化。"
"employment","就业","The course may improve employment chances.","这门课可能增加就业机会。"
"employee","雇员","An employee answered the call.","一名员工接听了电话。"
"workplace","工作场所","Teamwork matters in the workplace.","团队合作在职场中很重要。"
"career","职业生涯","She wants a career in education.","她想从事教育工作。"
"adapt","适应","Students adapt to new classes.","学生适应新课程。"
"training","培训","The library provides safety training.","图书馆提供安全培训。"
"experiment","实验","The class did a simple experiment.","这个班做了一个简单实验。"
"scientific","科学的","The report uses scientific evidence.","这份报告使用科学证据。"
"scientist","科学家","The scientist studied water quality.","科学家研究水质。"
"design","设计","Students design a useful app.","学生设计一个实用应用。"
"invent","发明","People invent tools to solve problems.","人们发明工具解决问题。"
"data","数据","The survey data show a clear trend.","调查数据显示明显趋势。"
"privacy","隐私","Students should protect their privacy.","学生应该保护自己的隐私。"
"security","安全","A strong password improves security.","强密码提高安全性。"
"password","密码","Do not share your password.","不要分享你的密码。"
"account","账户","She checked her online account.","她查看了自己的在线账户。"
"purchase","购买","Keep a record of each purchase.","保留每笔购买记录。"
"payment","付款","The app confirms the payment.","应用确认付款。"
"schedule","日程；安排","Make a study schedule for the week.","制定本周学习计划。"
"deadline","截止日期","Friday is the deadline for essays.","周五是作文截止日期。"
"equipment","设备","The lab has new equipment.","实验室有新设备。"
"repair","修理","Workers will repair the computers.","工作人员将修理电脑。"
"maintain","维护；保持","The school maintains the sports field.","学校维护运动场。"
"reliable","可靠的","We need reliable information.","我们需要可靠的信息。"
"quality","质量","The library checks the quality of its service.","图书馆检查服务质量。"
"measure","测量；衡量","We measure progress every week.","我们每周衡量进展。"
"evaluate","评价","The teacher will evaluate our projects.","老师将评价我们的项目。"
"statistics","统计数据","The statistics show fewer accidents.","统计数据显示事故减少。"
"percentage","百分比","The percentage rose last year.","这个百分比去年上升了。"
"trend","趋势","The chart shows a new trend.","图表显示一个新趋势。"
"contrast","对比","The report contrasts two methods.","报告对比两种方法。"
"drawback","缺点","One drawback is the high price.","一个缺点是价格高。"
"concern","担忧；关切","Privacy is a major concern.","隐私是一个主要顾虑。"
"risk","风险","There is a risk of data loss.","存在数据丢失的风险。"
"safety","安全","Safety comes first in the lab.","实验室里安全第一。"
"impact","影响","The new rule has an impact on students.","新规定对学生有影响。"
"influence","影响","Friends can influence our choices.","朋友可能影响我们的选择。"
"heritage","文化遗产","The city protects its cultural heritage.","这座城市保护其文化遗产。"
"ceremony","仪式","The ceremony began at nine.","仪式九点开始。"
"custom","习俗","This custom is common in the region.","这种习俗在该地区很常见。"
"respect","尊重","Students show respect for teachers.","学生尊重老师。"
"rural","乡村的","The program helps rural schools.","该计划帮助乡村学校。"
"urban","城市的","Urban buses are often crowded.","城市公交常常拥挤。"
"region","地区","The region is known for tea.","这个地区以茶闻名。"
"agriculture","农业","Agriculture uses water and land.","农业使用水和土地。"
"consumer","消费者","Consumers want clear information.","消费者想要清晰的信息。"
"contribute","贡献","Everyone can contribute an idea.","每个人都能贡献一个想法。"
"global","全球的","Climate change is a global issue.","气候变化是全球问题。"
"international","国际的","The club welcomes international students.","社团欢迎国际学生。"
"foreign","外国的","She is learning a foreign language.","她正在学习一门外语。"
"expression","表达方式","This is a useful English expression.","这是一个有用的英语表达。"
"argument","论点","Give one reason for your argument.","为你的论点给出一个理由。"
"outline","提纲","Write a short outline before the essay.","写作文前列一个简短提纲。"
"paragraph","段落","Put each main idea in one paragraph.","每个主要观点写成一段。"
"introduction","引言；开头","The introduction states the topic.","开头说明主题。"
"conclusion","结论；结尾","The conclusion repeats the main idea.","结尾重申主要观点。"
"summarize","总结","Summarize the article in one sentence.","用一句话概括文章。"
"accurate","准确的","Check that the number is accurate.","核对这个数字是否准确。"
"grammar","语法","Simple grammar can express a clear idea.","简单语法也能表达清楚的想法。"
"spelling","拼写","Check the spelling before you submit.","提交前检查拼写。"
"punctuation","标点","Punctuation makes sentences easier to read.","标点让句子更易读。"
"revise","修改","Revise your essay after feedback.","得到反馈后修改作文。"
"draft","草稿","Write a first draft without fear.","大胆写第一稿。"
"feedback","反馈","The teacher gave helpful feedback.","老师给了有帮助的反馈。"
"criteria","标准","Read the scoring criteria first.","先读评分标准。"
"coherent","连贯的","A coherent essay is easy to follow.","连贯的作文容易理解。"
"transition","过渡","Use a transition between ideas.","在观点之间使用过渡语。"
"moreover","此外","Moreover, the plan costs little.","此外，这个计划花费很少。"
"nevertheless","尽管如此","Nevertheless, we should try.","尽管如此，我们仍应尝试。"
"overall","总的来说","Overall, the project was useful.","总的来说，这个项目很有用。"